paper_id,title,authors,year,venue,doi,primary_url,pdf_url,modality,device,task,output_unit,vocabulary_setting,datasets,evaluation_protocol,metrics_reported,decoder,model_architecture,spatial_frontend,augmentation,key_contributions,limitations,relevance_to_epgspeller,takeaways_for_related_work_section,sources,citation_key_bib,citation_key_suggestion,citation_key,sources_count,sources_primary_urls,survey_json_path,task_class,output_unit_class,vocab_constraint,decoding_form,spatial_representation,layout_assumption,augmentation_class,robustness_eval,sensor_design_focus,protocol_class,taxonomy_uncertain,taxonomy_notes
carreira_perpinan1998_dimred_epg,Dimensionality reduction of electropalatographic data using latent variable models,"[""Miguel A. Carreira-Perpiñán"", ""Steve Renals""]",1998,Speech Communication 26(4):259-282,10.1016/S0167-6393(98)00059-4,https://www.sciencedirect.com/science/article/pii/S0167639398000594,null,Electropalatography (EPG),Reading EPG system (EPG frames as binary electrode-contact vectors; EUR-ACCOR database),Unsupervised dimensionality reduction / representation learning for EPG frames,continuous latent variables / low-dimensional embeddings,N/A,Subset of the EUR-ACCOR database (as reported in the paper),Train/test splits on EPG frame datasets; evaluation via log-likelihood and reconstruction error across speakers/styles (as reported),Log-likelihood and reconstruction error for latent variable models (paper reports comparisons),"Latent variable modeling (factor analysis, PCA, GTM, mixture models) for EPG frame modeling",Probabilistic latent variable models (linear and nonlinear),EPG frames treated as high-dimensional binary vectors; dimensionality reduction learns low-D representations,N/A,"[""Applies probabilistic latent variable models to learn low-dimensional representations of EPG frames."", ""Compares linear (FA/PCA) vs nonlinear (GTM, mixture models) methods and reports nonlinear advantages."", ""Connects EPG dimensionality reduction to applications in analysis, visualization, and speech-related modeling.""]","[""Focuses on spatial dimensionality reduction of EPG frames; temporal dynamics are treated separately."", ""Data and conclusions are specific to the EUR-ACCOR subset and EPG configuration used.""]",Directly relevant to representation choice and why PCA-like compression is a standard baseline in EPG analysis; provides historical context for Axis C (representation) and motivates exploring richer nonlinear/spatial models.,A foundational EPG representation paper comparing PCA/FA to nonlinear latent-variable models on EUR-ACCOR; supports discussing PCA as a principled compression baseline and motivates more expressive spatial front-ends.,"[{""doi"": ""10.1016/S0167-6393(98)00059-4"", ""retrieved_at"": ""2026-02-17"", ""source_type"": ""academic"", ""title"": ""ScienceDirect: Dimensionality reduction of electropalatographic data using latent variable models"", ""url"": ""https://www.sciencedirect.com/science/article/pii/S0167639398000594"", ""venue"": ""Speech Communication"", ""year"": 1998}, {""doi"": ""10.1016/S0167-6393(98)00059-4"", ""retrieved_at"": ""2026-02-17"", ""source_type"": ""academic"", ""title"": ""DOI: 10.1016/S0167-6393(98)00059-4"", ""url"": ""https://doi.org/10.1016/S0167-6393(98)00059-4"", ""venue"": ""Speech Communication"", ""year"": 1998}, {""retrieved_at"": ""2026-02-17"", ""source_type"": ""web"", ""title"": ""Carreira-Perpiñán research page: Dimensionality reduction of EPG data (lists 1998 papers)"", ""url"": ""https://faculty.ucmerced.edu/mcarreira-perpinan/research/epg.html"", ""year"": 2005}]",carreira1998dimensionality,carreiraperpinan1998epg,carreira1998dimensionality,3,https://www.sciencedirect.com/science/article/pii/S0167639398000594 https://doi.org/10.1016/S0167-6393(98)00059-4 https://faculty.ucmerced.edu/mcarreira-perpinan/research/epg.html,results/related_work_survey_epgspeller_2026-02-17/results/carreira_perpinan1998_dimred_epg.json,instrumentation_visualization,n_a,n_a,not_a_decoder,linear_compression,implicit_or_none,none,none_reported,representation_reduction,n_a,[],"Unsupervised dimensionality reduction / latent-variable representations of EPG frames (analysis/reduction, not a decoding system)."
chen2022_epg2s,EPG2S: Speech Generation and Speech Enhancement based on Electropalatography and Audio Signals using Multimodal Learning,"[""Li-Chin Chen"", ""Po-Hsun Chen"", ""Richard Tzong-Han Tsai"", ""Yu Tsao""]",2022,arXiv (2206.07860) / ICASSP 2023 presentation material,null,https://arxiv.org/abs/2206.07860,https://arxiv.org/pdf/2206.07860.pdf,Electropalatography (EPG) + audio (multimodal learning),EPG sensing + audio recording (as reported in the paper),Articulatory-to-speech generation and speech enhancement using EPG (multimodal),speech waveform / enhanced speech (via learned mapping),N/A (speech generation/enhancement task),EPG+audio dataset described in the paper,Objective/subjective speech quality/intelligibility evaluation as reported in the paper,Speech generation/enhancement metrics reported in the paper (see sources),Neural multimodal fusion strategies (early/late fusion variants as evaluated),Multimodal deep learning model for EPG-to-speech generation/enhancement,EPG is used as an articulatory modality; internal representation details are paper-specific,Not central; paper focuses on fusion strategies and multimodal learning,"[""Proposes an EPG-to-speech generation/enhancement system using multimodal learning."", ""Evaluates fusion strategies combining EPG with noisy speech signals and shows EPG contributes to quality/intelligibility."", ""Highlights that EPG has been underexplored compared to other articulatory modalities for speech generation tasks.""]","[""Task differs from text decoding (silent spelling); results do not directly translate to CER/WER."", ""Reproducibility depends on access to EPG+audio datasets and hardware."", ""Model details and performance are tied to the dataset and fusion setup used.""]","Demonstrates EPG as a useful articulatory signal for learned speech mapping, supporting the motivation to explore richer spatial front-ends (H11–H13) and robustness/augmentation ideas for EPG-based decoding.",EPG2S shows that EPG provides informative articulatory cues for neural speech generation/enhancement; it supports the broader claim that EPG can be a strong input modality beyond clinical visualization and motivates learning-based front-ends.,"[{""retrieved_at"": ""2026-02-17"", ""source_type"": ""academic"", ""title"": ""arXiv: EPG2S: Speech Generation and Speech Enhancement based on Electropalatography and Audio Signals using Multimodal Learning"", ""url"": ""https://arxiv.org/abs/2206.07860"", ""venue"": ""arXiv"", ""year"": 2022}, {""retrieved_at"": ""2026-02-17"", ""source_type"": ""academic"", ""title"": ""arXiv PDF: EPG2S (2206.07860)"", ""url"": ""https://arxiv.org/pdf/2206.07860.pdf"", ""venue"": ""arXiv"", ""year"": 2022}, {""retrieved_at"": ""2026-02-17"", ""source_type"": ""web"", ""title"": ""IEEE Resource Center (ICASSP 2023): EPG2S presentation material"", ""url"": ""https://resourcecenter.ieee.org/conferences/icassp-2023/spsicassp23vid2694"", ""year"": 2023}]",a8287fa9,chen2022epg2s,a8287fa9,3,https://arxiv.org/abs/2206.07860 https://arxiv.org/pdf/2206.07860.pdf https://resourcecenter.ieee.org/conferences/icassp-2023/spsicassp23vid2694,results/related_work_survey_epgspeller_2026-02-17/results/chen2022_epg2s.json,speech_reconstruction_generation,acoustics_waveform,n_a,not_a_decoder,vector_no_layout,implicit_or_none,none,none_reported,none,n_a,"[""The survey extraction does not specify whether the EPG stream is processed with an explicit 2D layout; classified as vector_no_layout by default.""]",EPG+audio multimodal learning for speech generation/enhancement; not a text-decoding benchmark.
denby2010_silent_speech_interfaces,Silent speech interfaces,"[""Bruce Denby"", ""Tanja Schultz"", ""Kiyoshi Honda"", ""Thomas Hueber"", ""Jim M. Gilbert"", ""Jonathan S. Brumberg""]",2010,Speech Communication 52(4):270-287,10.1016/j.specom.2009.08.002,https://www.sciencedirect.com/science/article/pii/S0167639309001307,null,Survey / overview (multiple SSI modalities),N/A,"Silent Speech Interface (SSI) overview: technologies, applications, and challenges",N/A (survey),N/A (survey),N/A (survey),N/A (survey),N/A (survey),N/A (survey),N/A (survey),N/A (survey),N/A (survey),"[""Defines the SSI concept and surveys SSI technologies spanning multiple sensing modalities."", ""Summarizes common challenges in SSI (data, sensing variability, decoding, usability) and outlines future directions."", ""Serves as a canonical SSI reference for positioning EPG-based silent spelling within broader SSI research.""]","[""As a 2010 survey, it predates many recent deep-learning-based SSI advances."", ""Survey scope emphasizes representative systems rather than exhaustive coverage of every subcommunity.""]",Provides a standard SSI definition and taxonomy to support clearer positioning/related work (W1/W6). Also motivates why comparing open-vocabulary vs constrained decoding must be protocol-aware (W2).,A canonical SSI survey defining problem scope and modality taxonomy; can be cited to contextualize EPGSpeller as an articulatory-sensing SSI focused on open-vocabulary silent spelling.,"[{""doi"": ""10.1016/j.specom.2009.08.002"", ""retrieved_at"": ""2026-02-17"", ""source_type"": ""academic"", ""title"": ""ScienceDirect: Silent speech interfaces (Speech Communication, 2010)"", ""url"": ""https://www.sciencedirect.com/science/article/pii/S0167639309001307"", ""venue"": ""Speech Communication"", ""year"": 2010}, {""doi"": ""10.1016/j.specom.2009.08.002"", ""retrieved_at"": ""2026-02-17"", ""source_type"": ""academic"", ""title"": ""DOI: 10.1016/j.specom.2009.08.002"", ""url"": ""https://doi.org/10.1016/j.specom.2009.08.002"", ""venue"": ""Speech Communication"", ""year"": 2010}, {""doi"": ""10.1016/j.specom.2009.08.002"", ""retrieved_at"": ""2026-02-17"", ""source_type"": ""web"", ""title"": ""KITopen: Silent Speech Interfaces (Denby et al., Speech Communication 2010)"", ""url"": ""https://publikationen.bibliothek.kit.edu/1000026320"", ""venue"": ""Speech Communication"", ""year"": 2010}]",denby2010silent,denby2010ssi,denby2010silent,3,https://www.sciencedirect.com/science/article/pii/S0167639309001307 https://doi.org/10.1016/j.specom.2009.08.002 https://publikationen.bibliothek.kit.edu/1000026320,results/related_work_survey_epgspeller_2026-02-17/results/denby2010_silent_speech_interfaces.json,survey_method,n_a,n_a,not_a_decoder,not_applicable,not_applicable,varies,qualitative_only,none,mixed_or_review,[],Canonical SSI survey used for positioning and challenges.
gilbert2010_magnetic_implants_silent_speech,Isolated word recognition of silent speech using magnetic implants and sensors,"[""J. M. Gilbert"", ""S. I. Rybchenko"", ""R. Hofe"", ""S. R. Ell"", ""M. J. Fagan"", ""R. K. Moore"", ""P. Green""]",2010,Medical Engineering & Physics 32(10):1189-1197,10.1016/j.medengphy.2010.08.011,https://www.sciencedirect.com/science/article/pii/S1350453310001803,null,Magnetic implants + external magnetic sensors (articulator motion sensing),Permanent magnets on tongue/lips + magnetic sensors around face/head,Silent speech recognition (isolated-word recognition for small vocabulary),words,closed vocabulary (isolated words),Speaker-dependent recordings described in the paper,Isolated-word recognition with template sets and evaluation trials as reported in the paper,Recognition rates for closed-vocabulary isolated-word tasks,Template matching using Dynamic Time Warping (DTW),Non-neural template-based classifier (DTW),Magnetic sensor array around the face; not an image-like 2D palate grid,Not central; focus is on sensor concept and DTW recognition,"[""Demonstrates silent speech recognition using magnetic implants/sensors without acoustic input."", ""Uses DTW-based template matching to achieve high recognition rates on small-vocabulary isolated-word tasks."", ""Discusses feasibility for laryngectomy-related silent communication scenarios.""]","[""Invasive (requires magnets/implants), raising practical and safety concerns."", ""Closed-vocabulary isolated-word setting; does not directly address open-vocabulary silent spelling."", ""Speaker-dependent training; generalization across speakers and sessions is challenging.""]",Included as minimal SSI comparison and as an example of articulator-motion sensing for silent speech; helps contextualize why sensor modality and protocol choice matter when comparing to EPG-based silent spelling.,A representative non-EPG articulator-sensing SSI (magnetic implants) showing high closed-vocabulary isolated-word recognition with DTW; useful for framing modality trade-offs and why open-vocabulary silent spelling requires different evaluation protocols.,"[{""doi"": ""10.1016/j.medengphy.2010.08.011"", ""retrieved_at"": ""2026-02-17"", ""source_type"": ""academic"", ""title"": ""PubMed: Isolated word recognition of silent speech using magnetic implants and sensors"", ""url"": ""https://pubmed.ncbi.nlm.nih.gov/20863739/"", ""venue"": ""Medical Engineering & Physics"", ""year"": 2010}, {""doi"": ""10.1016/j.medengphy.2010.08.011"", ""retrieved_at"": ""2026-02-17"", ""source_type"": ""academic"", ""title"": ""ScienceDirect: Isolated word recognition of silent speech using magnetic implants and sensors"", ""url"": ""https://www.sciencedirect.com/science/article/pii/S1350453310001803"", ""venue"": ""Medical Engineering & Physics"", ""year"": 2010}, {""doi"": ""10.1016/j.medengphy.2010.08.011"", ""retrieved_at"": ""2026-02-17"", ""source_type"": ""academic"", ""title"": ""DOI: 10.1016/j.medengphy.2010.08.011"", ""url"": ""https://doi.org/10.1016/j.medengphy.2010.08.011"", ""venue"": ""Medical Engineering & Physics"", ""year"": 2010}]",gilbert2010isolated,gilbert2010magnetic,gilbert2010isolated,3,https://pubmed.ncbi.nlm.nih.gov/20863739/ https://www.sciencedirect.com/science/article/pii/S1350453310001803 https://doi.org/10.1016/j.medengphy.2010.08.011,results/related_work_survey_epgspeller_2026-02-17/results/gilbert2010_magnetic_implants_silent_speech.json,silent_speech_recognition_closed_vocab,words,closed_vocab,dtw_template,vector_no_layout,implicit_or_none,none,none_reported,none,within_subject,"[""Subject/generalization protocol details are not fully extracted; within_subject is a conservative default for this type of sensor-based SSI system.""]","Minimal non-EPG SSI comparison: closed-vocabulary, DTW-based recognition."
gonzalezlopez2020_ssi_restoration_review,Silent Speech Interfaces for Speech Restoration: A Review,"[""Jose A. Gonzalez-Lopez"", ""Alejandro Gomez-Alanis"", ""Juan M. Martin Donas"", ""Jose L. Perez-Cordoba"", ""Angel M. Gomez""]",2020,IEEE Access,10.1109/access.2020.3026579,https://ieeexplore.ieee.org/document/9205294/,null,"Survey / review (Silent Speech Interfaces, SSI)",N/A (review of multiple devices and sensing modalities),Silent Speech Interfaces for speech restoration (speech reconstruction / communication without audible speech),"N/A (review; varies by system, e.g., speech or text)",N/A (review; varies by system/protocol),N/A (review; summarizes multiple datasets across modalities),N/A (review; summarizes multiple evaluation protocols),N/A (review; discusses metrics used in SSI literature),"Varies by modality (review; e.g., HMM/DNN/CTC/seq2seq depending on system)",Varies (review; includes classical and deep-learning approaches depending on sensing modality),"Varies (review; modality-specific front-ends, including spatial encoders for imaging/arrays)",Varies / not consistently standardized across SSI literature,"[""Surveys Silent Speech Interfaces with a focus on speech restoration, covering sensing modalities, system pipelines, and challenges."", ""Provides a modality-centric organization useful for positioning EPG-based silent spelling within the broader SSI landscape."", ""Highlights practical issues (sensing variability, usability, robustness) that directly motivate systematic protocol reporting.""]","[""As a review, it does not define a single standardized benchmark; comparisons across modalities remain protocol-dependent."", ""Focus is on speech restoration; open-vocabulary silent spelling/text-entry is not the sole emphasis.""]","Provides a recent SSI survey for positioning and for motivating why EPG-based silent spelling must be evaluated with protocol-aware comparisons (lexicon constraints, open-vocabulary settings, robustness).","A modern SSI review (IEEE Access 2020) that can be cited to define SSI scope and challenges, and to position EPG-based open-vocabulary silent spelling among other speech-restoration modalities.","[{""doi"": ""10.1109/access.2020.3026579"", ""retrieved_at"": ""2026-02-17"", ""source_type"": ""academic"", ""title"": ""IEEE Xplore: Silent Speech Interfaces for Speech Restoration: A Review"", ""url"": ""https://ieeexplore.ieee.org/document/9205294/"", ""venue"": ""IEEE Access"", ""year"": 2020}, {""doi"": ""10.1109/access.2020.3026579"", ""retrieved_at"": ""2026-02-17"", ""source_type"": ""academic"", ""title"": ""DOI: 10.1109/ACCESS.2020.3026579"", ""url"": ""https://doi.org/10.1109/ACCESS.2020.3026579"", ""venue"": ""IEEE Access"", ""year"": 2020}, {""doi"": ""10.1109/access.2020.3026579"", ""retrieved_at"": ""2026-02-17"", ""source_type"": ""web"", ""title"": ""Crossref API: 10.1109/access.2020.3026579"", ""url"": ""https://api.crossref.org/works/10.1109/access.2020.3026579""}]",gonzalez2020silent,gonzalezlopez2020ssi,gonzalez2020silent,3,https://ieeexplore.ieee.org/document/9205294/ https://doi.org/10.1109/ACCESS.2020.3026579 https://api.crossref.org/works/10.1109/access.2020.3026579,results/related_work_survey_epgspeller_2026-02-17/results/gonzalezlopez2020_ssi_restoration_review.json,survey_method,n_a,n_a,not_a_decoder,not_applicable,not_applicable,varies,qualitative_only,none,mixed_or_review,[],SSI review focused on speech restoration; used for positioning and robustness themes.
graves2006_ctc,Connectionist Temporal Classification: Labelling Unsegmented Sequence Data with Recurrent Neural Networks,"[""Alex Graves"", ""Santiago Fernández"", ""Faustino Gomez"", ""Jürgen Schmidhuber""]",2006,ICML 2006,10.1145/1143844.1143891,https://dl.acm.org/doi/10.1145/1143844.1143891,null,Method paper (sequence learning / speech recognition),N/A,Sequence labeling without pre-segmented alignments,"generic label sequences (e.g., phonemes/characters)",N/A,Demonstrated on TIMIT (as stated in the paper),Speech recognition evaluation on TIMIT as reported,Speech recognition error rates as reported in the paper,CTC objective + dynamic programming alignment; decoding can be greedy or beam search (not fixed by the objective),Recurrent neural networks trained with CTC,N/A,N/A,"[""Introduces CTC for training sequence models without frame-level alignments."", ""Enables end-to-end mapping from input sequences to label sequences with monotonic alignment."", ""Became a foundational objective for speech recognition and other sequence transduction tasks.""]","[""Assumes monotonic alignment; not suitable for general non-monotonic seq2seq tasks."", ""Decoding quality depends on inference strategy (greedy vs beam search with language model).""]",Core method used in EPGSpeller-style models (RNN/CTC). Needed for Related Work section on decoding formulations and to justify open-vocabulary greedy decoding vs constrained decoding variants.,CTC is the standard alignment-free objective enabling RNN-based character/phoneme decoding from unsegmented inputs; cite this to ground the modeling choice and to discuss decoding (greedy vs constrained/LM).,"[{""doi"": ""10.1145/1143844.1143891"", ""retrieved_at"": ""2026-02-17"", ""source_type"": ""academic"", ""title"": ""ACM Digital Library: Connectionist Temporal Classification (ICML 2006)"", ""url"": ""https://dl.acm.org/doi/10.1145/1143844.1143891"", ""venue"": ""ICML"", ""year"": 2006}, {""doi"": ""10.1145/1143844.1143891"", ""retrieved_at"": ""2026-02-17"", ""source_type"": ""academic"", ""title"": ""DOI: 10.1145/1143844.1143891"", ""url"": ""https://doi.org/10.1145/1143844.1143891"", ""venue"": ""ICML"", ""year"": 2006}, {""doi"": ""10.1145/1143844.1143891"", ""retrieved_at"": ""2026-02-17"", ""source_type"": ""web"", ""title"": ""Crossref API: 10.1145/1143844.1143891"", ""url"": ""https://api.crossref.org/works/10.1145/1143844.1143891"", ""venue"": ""ICML"", ""year"": 2006}]",graves2006connectionist,graves2006ctc,graves2006connectionist,3,https://dl.acm.org/doi/10.1145/1143844.1143891 https://doi.org/10.1145/1143844.1143891 https://api.crossref.org/works/10.1145/1143844.1143891,results/related_work_survey_epgspeller_2026-02-17/results/graves2006_ctc.json,survey_method,phonemes_or_labels,n_a,ctc_like,not_applicable,not_applicable,none,none_reported,none,n_a,[],Foundational CTC objective for alignment-free sequence decoding.
hardcastle1989_state_of_art_epg,New developments in electropalatography: A state-of-the-art report,"[""W. Hardcastle"", ""W. Jones"", ""C. Knight"", ""A. Trudgeon"", ""G. Calder""]",1989,Clinical Linguistics & Phonetics,10.3109/02699208908985268,https://doi.org/10.3109/02699208908985268,null,Electropalatography (EPG),EPG pseudopalate (palate-contact electrode arrays; instrumentation report),"State-of-the-art overview of EPG developments (instrumentation, visualization, and analysis)",N/A (instrumentation / overview paper),N/A,N/A (overview/report),N/A (overview/report),N/A (overview/report),N/A,N/A,EPG electrode arrays yield spatial tongue–palate contact patterns,N/A,"[""Provides an early state-of-the-art report summarizing developments in EPG instrumentation and usage."", ""Serves as a foundational reference for what EPG measures (contact patterns) and how EPG data are represented/visualized."", ""Useful background for motivating spatially structured representations when modeling EPG time series.""]","[""Not a machine-learning decoding paper; focuses on EPG technology and practice rather than text/speech decoding benchmarks."", ""As an early report, it predates later deep-learning approaches and modern wearable form factors.""]","Provides foundational EPG background and motivates why the electrode layout and spatial structure matter, supporting Related Work sections on EPG sensing and sensor design assumptions.",A foundational EPG state-of-the-art report that can be cited to explain EPG sensing/representation basics and to motivate spatial inductive biases and electrode-layout considerations.,"[{""doi"": ""10.3109/02699208908985268"", ""retrieved_at"": ""2026-02-17"", ""source_type"": ""academic"", ""title"": ""DOI: 10.3109/02699208908985268"", ""url"": ""https://doi.org/10.3109/02699208908985268"", ""venue"": ""Clinical Linguistics & Phonetics"", ""year"": 1989}, {""doi"": ""10.3109/02699208908985268"", ""retrieved_at"": ""2026-02-17"", ""source_type"": ""web"", ""title"": ""Crossref API: 10.3109/02699208908985268"", ""url"": ""https://api.crossref.org/works/10.3109/02699208908985268""}, {""doi"": ""10.3109/02699208908985268"", ""retrieved_at"": ""2026-02-17"", ""source_type"": ""web"", ""title"": ""OpenAlex: New developments in electropalatography: A state-of-the-art report"", ""url"": ""https://api.openalex.org/works/https://doi.org/10.3109/02699208908985268"", ""venue"": ""Clinical Linguistics & Phonetics"", ""year"": 1989}]",hardcastle1989new,hardcastle1989epg,hardcastle1989new,3,https://doi.org/10.3109/02699208908985268 https://api.crossref.org/works/10.3109/02699208908985268 https://api.openalex.org/works/https://doi.org/10.3109/02699208908985268,results/related_work_survey_epgspeller_2026-02-17/results/hardcastle1989_state_of_art_epg.json,instrumentation_visualization,n_a,n_a,not_a_decoder,geometry_aware_nonimage,explicit_layout_used,none,none_reported,layout_device_design,n_a,[],EPG instrumentation/representation overview; motivates spatial structure and layout/device considerations.
hardcastle1990_epg_phonetic_research,Electropalatography in phonetic research and in speech training,"[""William J. Hardcastle""]",1990,ICSLP 1990 (ISCA Archive),10.21437/icslp.1990-305,https://www.isca-archive.org/icslp_1990/hardcastle90b_icslp.html,https://www.isca-archive.org/icslp_1990/hardcastle90b_icslp.pdf,Electropalatography (EPG),EPG pseudopalate (electrode palate contact sensing),Phonetic research and speech training using EPG (visual feedback),N/A (methodology paper),N/A,Pilot experiment described in the paper (pronunciation teaching example),Pilot pronunciation teaching experiment and discussion of EPG applications,Qualitative discussion; focuses on EPG utility rather than a single standardized metric,N/A,N/A,EPG provides spatio-temporal tongue-palate contact patterns (palate electrode grid),N/A,"[""Explains EPG as an instrumental technique to record spatio-temporal tongue-palate contact patterns."", ""Discusses EPG applications in phonetic research, speech pathology, and pronunciation teaching via visual feedback."", ""Provides foundational context for EPG as a sensing modality and its constraints (contact-only, palate-limited).""]","[""Not a machine learning decoding paper; focuses on EPG instrumentation and applications."", ""Primarily qualitative; does not establish decoding benchmarks or cross-speaker generalization results.""]","Provides foundational EPG background for the Related Work (Section on EPG sensing), helping clarify what EPG measures and why spatial structure matters when designing decoders/front-ends.",Use as a foundational EPG reference describing the sensing principle and clinical/training applications; motivates treating EPG as spatio-temporal contact patterns and sets context for learning-based decoding.,"[{""doi"": ""10.21437/icslp.1990-305"", ""pdf_url"": ""https://www.isca-archive.org/icslp_1990/hardcastle90b_icslp.pdf"", ""retrieved_at"": ""2026-02-17"", ""source_type"": ""academic"", ""title"": ""ISCA Archive: Electropalatography in phonetic research and in speech training (Hardcastle, 1990)"", ""url"": ""https://www.isca-archive.org/icslp_1990/hardcastle90b_icslp.html"", ""venue"": ""ICSLP"", ""year"": 1990}, {""doi"": ""10.21437/icslp.1990-305"", ""retrieved_at"": ""2026-02-17"", ""source_type"": ""academic"", ""title"": ""DOI: 10.21437/icslp.1990-305"", ""url"": ""https://doi.org/10.21437/icslp.1990-305"", ""venue"": ""ICSLP"", ""year"": 1990}, {""doi"": ""10.21437/icslp.1990-305"", ""retrieved_at"": ""2026-02-17"", ""source_type"": ""web"", ""title"": ""Crossref API: 10.21437/icslp.1990-305"", ""url"": ""https://api.crossref.org/works/10.21437/icslp.1990-305""}]",hardcastle1990electropalatography,hardcastle1990epg,hardcastle1990electropalatography,3,https://www.isca-archive.org/icslp_1990/hardcastle90b_icslp.html https://doi.org/10.21437/icslp.1990-305 https://api.crossref.org/works/10.21437/icslp.1990-305,results/related_work_survey_epgspeller_2026-02-17/results/hardcastle1990_epg_phonetic_research.json,instrumentation_visualization,n_a,n_a,not_a_decoder,geometry_aware_nonimage,explicit_layout_used,none,none_reported,none,n_a,[],Foundational background on what EPG measures and how palatograms are represented/used in phonetic research and training.
hardcastle1991_epg_data_reduction_coarticulation,EPG data reduction methods and their implications for studies of lingual coarticulation,"[""W.J. Hardcastle"", ""F. Gibbon"", ""K. Nicolaidis""]",1991,Journal of Phonetics,10.1016/S0095-4470(19)30343-2,https://doi.org/10.1016/S0095-4470(19)30343-2,null,Electropalatography (EPG),EPG pseudopalate (electrode contact array),EPG data reduction / representation methods for analyzing lingual coarticulation,reduced EPG representations (contact-pattern summaries),N/A (phonetic analysis focus),EPG data for coarticulation studies as reported in the paper,Methodological comparison/discussion of reduction approaches in coarticulation analysis (see paper),Analysis outcomes depend on reduction method; see paper for the specific measures used,"N/A (analysis/representation paper, not a decoding benchmark)",N/A,EPG contact patterns summarized via data reduction methods (paper discusses representation choices),N/A,"[""Discusses and evaluates EPG data reduction methods and how representation choices affect conclusions in coarticulation studies."", ""Provides historical precedent for treating EPG as structured spatial data that can be summarized/compressed in multiple ways."", ""Relevant background for modern electrode-selection and low-K designs: reduction choices trade off spatial detail and interpretability.""]","[""Focuses on phonetic analysis rather than end-to-end text decoding; does not provide CER/WER-style benchmarks."", ""Reduction methods are evaluated in the context of coarticulation analysis and may not directly translate to modern neural decoders.""]","Directly relevant to electrode reduction / representation discussions (EPG compression and information loss), supporting Related Work on sensor design and on spatial representation baselines for EPG.","An early EPG data-reduction paper showing that representation choices materially affect what information is preserved; useful for motivating K-curves, selection strategies, and explicit spatial modeling in modern EPG decoders.","[{""doi"": ""10.1016/S0095-4470(19)30343-2"", ""retrieved_at"": ""2026-02-17"", ""source_type"": ""academic"", ""title"": ""DOI: 10.1016/S0095-4470(19)30343-2"", ""url"": ""https://doi.org/10.1016/S0095-4470(19)30343-2"", ""venue"": ""Journal of Phonetics"", ""year"": 1991}, {""doi"": ""10.1016/S0095-4470(19)30343-2"", ""retrieved_at"": ""2026-02-17"", ""source_type"": ""web"", ""title"": ""Crossref API: 10.1016/S0095-4470(19)30343-2"", ""url"": ""https://api.crossref.org/works/10.1016/S0095-4470(19)30343-2""}, {""doi"": ""10.1016/S0095-4470(19)30343-2"", ""retrieved_at"": ""2026-02-17"", ""source_type"": ""web"", ""title"": ""OpenAlex: EPG data reduction methods and their implications for studies of lingual coarticulation"", ""url"": ""https://api.openalex.org/works/https://doi.org/10.1016/S0095-4470(19)30343-2"", ""venue"": ""Journal of Phonetics"", ""year"": 1991}]",hardcastle1991epg,hardcastle1991epgreduction,hardcastle1991epg,3,https://doi.org/10.1016/S0095-4470(19)30343-2 https://api.crossref.org/works/10.1016/S0095-4470(19)30343-2 https://api.openalex.org/works/https://doi.org/10.1016/S0095-4470(19)30343-2,results/related_work_survey_epgspeller_2026-02-17/results/hardcastle1991_epg_data_reduction_coarticulation.json,instrumentation_visualization,n_a,n_a,not_a_decoder,linear_compression,implicit_or_none,none,none_reported,representation_reduction,n_a,[],EPG data reduction / representation methods; historical context for reduction and design trade-offs.
hueber2010_ultrasound_optical_ssi,Development of a silent speech interface driven by ultrasound and optical images of the tongue and lips,"[""Thomas Hueber"", ""Elie-Laurent Benaroya"", ""Bruce Denby"", ""Gérard Chollet""]",2010,Speech Communication 52(4):288-300,10.1016/j.specom.2009.11.004,https://www.sciencedirect.com/science/article/pii/S0167639309001733,null,Ultrasound tongue imaging + optical lip video (silent speech interface),Ultrasound imaging of tongue + CCD camera for lips,Silent speech interface: articulatory-to-speech reconstruction,speech waveform (via segmental vocoder / concatenative synthesis),phonetic target sequence prediction; vocabulary setting depends on decoder constraints (paper evaluates constraints),Audiovisual database with ultrasound + lip video + audio (1 hour per speaker; 2 speakers) as reported in the paper,Experiments reported on recorded uttered speech; intended for silent-speech use (paper notes need for silent evaluation),Phone recognition performance and speech reconstruction quality metrics reported in the paper.,HMM-based visual phone recognition + dictionary-driven unit selection + waveform generation (HNM-based prosody adaptation),Statistical models (continuous HMMs) for visual observations; segmental synthesis pipeline,PCA-based image coding for ultrasound tongue and lip video features,Not central; paper focuses on feature extraction and decoding/synthesis pipeline,"[""Early SSI system combining ultrasound tongue imaging and lip video to reconstruct speech."", ""Uses PCA-based visual feature coding and HMM-based phone recognition to constrain unit selection for synthesis."", ""Provides a concrete articulatory-to-speech pipeline and discusses constraints needed for intelligible reconstruction.""]","[""Experiments are performed on uttered speech recordings; silent-speech evaluation may differ (explicitly noted by authors)."", ""Imaging-based sensing can be bulky compared to wearable intra-oral devices."", ""System complexity (multi-stage recognizer + unit selection + synthesis) may limit real-time deployment.""]","Provides SSI context and a contrasting articulatory sensing modality (ultrasound/video) with a PCA-based spatial feature approach, relevant to discussing representation alternatives (W7) and decoding constraints (W2).","A representative SSI using ultrasound+video with PCA-coded spatial features and HMM-based decoding; useful to contrast imaging-based articulatory sensing with EPG and to motivate why simple compressions (e.g., PCA) are common in low-data articulatory interfaces.","[{""doi"": ""10.1016/j.specom.2009.11.004"", ""retrieved_at"": ""2026-02-17"", ""source_type"": ""academic"", ""title"": ""ScienceDirect: Development of a silent speech interface driven by ultrasound and optical images of the tongue and lips"", ""url"": ""https://www.sciencedirect.com/science/article/pii/S0167639309001733"", ""venue"": ""Speech Communication"", ""year"": 2010}, {""doi"": ""10.1016/j.specom.2009.11.004"", ""retrieved_at"": ""2026-02-17"", ""source_type"": ""academic"", ""title"": ""DOI: 10.1016/j.specom.2009.11.004"", ""url"": ""https://doi.org/10.1016/j.specom.2009.11.004"", ""venue"": ""Speech Communication"", ""year"": 2010}, {""retrieved_at"": ""2026-02-17"", ""source_type"": ""web"", ""title"": ""ScienceDirect: Speech Communication special issue Silent Speech Interfaces (Volume 52, Issue 4)"", ""url"": ""https://www.sciencedirect.com/journal/speech-communication/vol/52/issue/4"", ""venue"": ""Speech Communication"", ""year"": 2010}]",hueber2010development,hueber2010ultrasound,hueber2010development,3,https://www.sciencedirect.com/science/article/pii/S0167639309001733 https://doi.org/10.1016/j.specom.2009.11.004 https://www.sciencedirect.com/journal/speech-communication/vol/52/issue/4,results/related_work_survey_epgspeller_2026-02-17/results/hueber2010_ultrasound_optical_ssi.json,speech_reconstruction_generation,acoustics_waveform,lexicon_or_dictionary_constrained,hmm_pipeline,explicit_2d_image,explicit_layout_used,none,none_reported,none,within_subject,"[""The extracted summary indicates dictionary-driven unit selection; classified as lexicon_or_dictionary_constrained."", ""Subject/generalization protocol details are not fully extracted; within_subject is used as a conservative default.""]",Imaging-based SSI reconstruction pipeline with PCA-based spatial coding and HMM/dictionary stages.
lee2021_biosignal_speechrec_review,Biosignal Sensors and Deep Learning-Based Speech Recognition: A Review,"[""Wookey Lee"", ""Jessica Jiwon Seong"", ""Busra Ozlu"", ""Bong Sup Shim"", ""Azizbek Marakhimov"", ""Suan Lee""]",2021,Sensors,10.3390/s21041399,https://doi.org/10.3390/s21041399,null,Survey / review (biosignal-based speech recognition),N/A (review of multiple biosignal sensors and setups),Speech recognition from biosignals using deep learning (review),"N/A (review; varies by system, e.g., phonemes/words/characters)",N/A (review; varies by dataset and system),N/A (review; summarizes multiple datasets and sensing modalities),N/A (review; summarizes multiple evaluation protocols),N/A (review; discusses metrics used across studies),Varies (review; depending on modality and task formulation),Varies (review; emphasizes deep learning approaches for biosignal-based speech recognition),Varies (review; includes modality-specific spatial/array handling when applicable),Varies (review; augmentation policies are not standardized across modalities),"[""Reviews biosignal sensors and deep-learning approaches for speech recognition, providing a modality-level overview beyond acoustics."", ""Useful high-level reference to contextualize EPG as one biosignal modality among many, and to motivate why spatial modeling and robustness are recurring themes."", ""Summarizes challenges common to biosignal speech recognition (variability, limited data, sensor reliability) that map to EPGSpeller experimental axes (robustness, augmentation, sensor design).""]","[""Broad scope; individual modality-specific details may be covered at different depths."", ""Does not provide a unified benchmark; cross-paper comparisons remain protocol-dependent.""]","Provides additional context and vocabulary for positioning EPG-based decoding within the broader biosignal+DL speech recognition literature, supporting the motivation for spatial front-ends and robustness evaluations.","A broad biosignal+DL review (Sensors 2021) that can be cited for general challenges and trends in biosignal-based speech recognition, complementing SSI-focused surveys when motivating robustness and representation choices for EPG.","[{""doi"": ""10.3390/s21041399"", ""retrieved_at"": ""2026-02-17"", ""source_type"": ""academic"", ""title"": ""DOI: 10.3390/s21041399"", ""url"": ""https://doi.org/10.3390/s21041399"", ""venue"": ""Sensors"", ""year"": 2021}, {""doi"": ""10.3390/s21041399"", ""retrieved_at"": ""2026-02-17"", ""source_type"": ""web"", ""title"": ""Crossref API: 10.3390/s21041399"", ""url"": ""https://api.crossref.org/works/10.3390/s21041399""}, {""doi"": ""10.3390/s21041399"", ""retrieved_at"": ""2026-02-17"", ""source_type"": ""web"", ""title"": ""OpenAlex: Biosignal Sensors and Deep Learning-Based Speech Recognition: A Review"", ""url"": ""https://api.openalex.org/works/https://doi.org/10.3390/s21041399"", ""venue"": ""Sensors"", ""year"": 2021}]",lee2021biosignal,lee2021biosignalreview,lee2021biosignal,3,https://doi.org/10.3390/s21041399 https://api.crossref.org/works/10.3390/s21041399 https://api.openalex.org/works/https://doi.org/10.3390/s21041399,results/related_work_survey_epgspeller_2026-02-17/results/lee2021_biosignal_speechrec_review.json,survey_method,n_a,n_a,not_a_decoder,not_applicable,not_applicable,varies,qualitative_only,none,mixed_or_review,[],Biosignal+DL review used for robustness/variability positioning context.
park2019_specaugment,SpecAugment: A Simple Data Augmentation Method for Automatic Speech Recognition,"[""Daniel S. Park"", ""William Chan"", ""Yu Zhang"", ""Chung-Cheng Chiu"", ""Barret Zoph"", ""Ekin D. Cubuk"", ""Quoc V. Le""]",2019,Interspeech 2019 (ISCA Archive); also available on arXiv (1904.08779),10.21437/interspeech.2019-2680,https://www.isca-archive.org/interspeech_2019/park19_interspeech.html,https://www.isca-archive.org/interspeech_2019/park19_interspeech.pdf,Method paper (data augmentation for speech recognition features),N/A,Data augmentation for end-to-end ASR,"speech recognition labels (e.g., characters/words)",ASR settings in the paper (task-dependent),LibriSpeech and Switchboard (as reported),ASR evaluation on standard benchmarks (as reported),WER on LibriSpeech/Switchboard under reported settings,Not the focus; augmentation is applied at feature level and can be used with various decoders,"Applied to end-to-end ASR architectures (e.g., Listen, Attend and Spell) as reported",N/A,"SpecAugment (time/frequency masking, optional warping) applied to input features","[""Introduces SpecAugment as a simple, effective augmentation method applied directly on input features for ASR."", ""Demonstrates improved ASR performance on standard benchmarks without requiring additional labeled data."", ""Provides a general augmentation idea that can be adapted to other time-series modalities (e.g., EPG frames).""]","[""Designed for spectrogram-like acoustic features; adaptation to other modalities requires careful interpretation."", ""Augmentation policy interacts with model architecture and data regime; not universally optimal.""]",Relevant as the conceptual basis for frame-level masking augmentations (Axis F / robustness). Helps justify using SpecAugment-like masking on EPG time-series and motivates evaluating robustness under sensor dropout.,SpecAugment is a widely used feature-level masking augmentation for ASR; it motivates analogous time/channel masking augmentations for EPG decoding to improve robustness and generalization.,"[{""doi"": ""10.21437/interspeech.2019-2680"", ""pdf_url"": ""https://www.isca-archive.org/interspeech_2019/park19_interspeech.pdf"", ""retrieved_at"": ""2026-02-17"", ""source_type"": ""academic"", ""title"": ""ISCA Archive: SpecAugment: A Simple Data Augmentation Method for Automatic Speech Recognition (Interspeech 2019)"", ""url"": ""https://www.isca-archive.org/interspeech_2019/park19_interspeech.html"", ""venue"": ""Interspeech 2019"", ""year"": 2019}, {""doi"": ""10.21437/interspeech.2019-2680"", ""retrieved_at"": ""2026-02-17"", ""source_type"": ""academic"", ""title"": ""DOI: 10.21437/interspeech.2019-2680"", ""url"": ""https://doi.org/10.21437/interspeech.2019-2680"", ""venue"": ""Interspeech 2019"", ""year"": 2019}, {""doi"": ""10.21437/interspeech.2019-2680"", ""retrieved_at"": ""2026-02-17"", ""source_type"": ""web"", ""title"": ""Crossref API: 10.21437/interspeech.2019-2680"", ""url"": ""https://api.crossref.org/works/10.21437/interspeech.2019-2680"", ""venue"": ""Interspeech 2019"", ""year"": 2019}, {""retrieved_at"": ""2026-02-17"", ""source_type"": ""academic"", ""title"": ""arXiv: SpecAugment: A Simple Data Augmentation Method for Automatic Speech Recognition"", ""url"": ""https://arxiv.org/abs/1904.08779"", ""venue"": ""arXiv"", ""year"": 2019}]",park2019specaugment,park2019specaugment,park2019specaugment,4,https://www.isca-archive.org/interspeech_2019/park19_interspeech.html https://doi.org/10.21437/interspeech.2019-2680 https://api.crossref.org/works/10.21437/interspeech.2019-2680,results/related_work_survey_epgspeller_2026-02-17/results/park2019_specaugment.json,survey_method,phonemes_or_labels,n_a,not_a_decoder,not_applicable,not_applicable,specaug_like,none_reported,none,n_a,[],Feature-masking augmentation baseline concept (SpecAugment).
rehearsse_chi2024,ReHEarSSE: Recognizing Hidden-in-the-Ear Silently Spelled Expressions,"[""Xuefu Dong"", ""Yifei Chen"", ""Yuuki Nishiyama"", ""Kaoru Sezaki"", ""Yuntao Wang"", ""Ken Christofferson"", ""Alex Mariakakis""]",2024,CHI 2024 (ACM CHI Conference on Human Factors in Computing Systems),10.1145/3613904.3642095,https://dl.acm.org/doi/10.1145/3613904.3642095,https://dl.acm.org/doi/pdf/10.1145/3613904.3642095,Ultrasonic ear-canal sensing (earbud-based SSI),Earbud form factor with ultrasonic sensing,Silent spelling / silently spelled word recognition,characters/letters aggregated to words,includes unseen-word generalization (see paper),Ear-canal ultrasonic silent spelling dataset described in the paper,Participant/session splits; includes unseen-word evaluation (see paper),Character/word-level accuracy/error rates and system-level comparisons (see paper),CTC-based modeling (paper describes intermediate embeddings and CTC-based recognition),Deep learning sequence model trained with CTC (details in the paper),Not applicable to EPG; ultrasonic sensing features are modeled as sequences,Paper describes synthetic/regularization augmentations for training (see paper),"[""Earbud-based ultrasonic SSI for silent spelling with large-vocabulary and unseen-word generalization."", ""CTC-based modeling tailored to silently spelled letter transitions."", ""Provides a modern non-EPG silent spelling baseline for positioning open-vocabulary silent spelling systems.""]","[""Modality differs from EPG; comparisons to EPG require careful protocol alignment."", ""Wearability and robustness depend on earbud fit and acoustic environment."", ""Letter-by-letter spelling may limit entry speed (inherent trade-off).""]",Minimal SSI comparison for open-vocabulary silent spelling beyond EPG; resolves the ICASSP review mention of ReHEarSSE and helps contextualize EPGSpeller in silent spelling literature.,ReHEarSSE (CHI 2024) demonstrates silent spelling via earbud ultrasonic sensing and CTC-based modeling with unseen-word generalization; it is a key non-EPG reference for positioning open-vocabulary silent spelling in wearable SSI.,"[{""doi"": ""10.1145/3613904.3642095"", ""retrieved_at"": ""2026-02-17"", ""source_type"": ""academic"", ""title"": ""ACM Digital Library: ReHEarSSE: Recognizing Hidden-in-the-Ear Silently Spelled Expressions"", ""url"": ""https://dl.acm.org/doi/10.1145/3613904.3642095"", ""venue"": ""CHI 2024"", ""year"": 2024}, {""doi"": ""10.1145/3613904.3642095"", ""pdf_url"": ""https://dl.acm.org/doi/pdf/10.1145/3613904.3642095"", ""retrieved_at"": ""2026-02-17"", ""source_type"": ""academic"", ""title"": ""DOI: 10.1145/3613904.3642095"", ""url"": ""https://doi.org/10.1145/3613904.3642095"", ""venue"": ""CHI 2024"", ""year"": 2024}, {""doi"": ""10.1145/3613904.3642095"", ""retrieved_at"": ""2026-02-17"", ""source_type"": ""web"", ""title"": ""DBLP: ReHEarSSE: Recognizing Hidden-in-the-Ear Silently Spelled Expressions"", ""url"": ""https://dblp.org/rec/conf/chi/DongCNS0CM24"", ""venue"": ""CHI 2024"", ""year"": 2024}]",dong2024rehearsse,dong2024rehearsse,dong2024rehearsse,3,https://dl.acm.org/doi/10.1145/3613904.3642095 https://doi.org/10.1145/3613904.3642095 https://dblp.org/rec/conf/chi/DongCNS0CM24,results/related_work_survey_epgspeller_2026-02-17/results/rehearsse_chi2024.json,silent_spelling_text_entry,characters,open_vocab,ctc_like,vector_no_layout,implicit_or_none,other,none_reported,none,n_a,"[""Protocol details (within/multi-subject) are not fully extracted in the frozen survey JSON.""]",Modern non-EPG silent spelling reference used for minimal task/framing comparison.
shadle1993_epg_structured_light,Depth measurement of face and palate by structured light,"[""Christine H. Shadle"", ""J. N. Carter"", ""T. P. Monks"", ""J. Field""]",1993,Eurospeech 1993 (ISCA Archive),10.21437/eurospeech.1993-403,https://www.isca-archive.org/eurospeech_1993/shadle93_eurospeech.html,https://www.isca-archive.org/eurospeech_1993/shadle93_eurospeech.pdf,Electropalatography-related instrumentation (palate geometry measurement),Structured-light depth measurement system for face/palate and EPG palate,Measuring palate/face geometry to enhance EPG visualization and derive parameters,3D/2D depth maps and derived geometric parameters,N/A,Instrument measurement examples described in the paper,Instrumentation calibration and preliminary measurement results,System resolution and measurement considerations (paper-specific),N/A,N/A,Provides geometric context for EPG patterns (enhanced visualization / distance measures),N/A,"[""Describes structured-light depth measurement applied to EPG palates and lower face."", ""Motivates enhancing EPG images with geometric information and enabling automatic distance measurements."", ""Connects EPG sensing to geometry-aware visualization/parameterization, relevant to spatial modeling discussions.""]","[""Not a decoding/recognition paper; focuses on measurement and visualization infrastructure."", ""Preliminary results; not a standardized evaluation of decoding accuracy.""]","Relevant to spatial modeling motivation: EPG is inherently spatial, and geometry-aware representations can potentially improve model inductive bias (ties to H11 2D reconstruction concept).",Use as an early reference connecting EPG to geometry-aware visualization/parameterization; supports the argument that spatial structure is meaningful and motivates explicit spatial front-ends.,"[{""doi"": ""10.21437/eurospeech.1993-403"", ""pdf_url"": ""https://www.isca-archive.org/eurospeech_1993/shadle93_eurospeech.pdf"", ""retrieved_at"": ""2026-02-17"", ""source_type"": ""academic"", ""title"": ""ISCA Archive: Depth measurement of face and palate by structured light (Shadle et al., 1993)"", ""url"": ""https://www.isca-archive.org/eurospeech_1993/shadle93_eurospeech.html"", ""venue"": ""Eurospeech"", ""year"": 1993}, {""doi"": ""10.21437/eurospeech.1993-403"", ""retrieved_at"": ""2026-02-17"", ""source_type"": ""academic"", ""title"": ""DOI: 10.21437/eurospeech.1993-403"", ""url"": ""https://doi.org/10.21437/eurospeech.1993-403"", ""venue"": ""Eurospeech"", ""year"": 1993}, {""doi"": ""10.21437/eurospeech.1993-403"", ""retrieved_at"": ""2026-02-17"", ""source_type"": ""web"", ""title"": ""Crossref API: 10.21437/eurospeech.1993-403"", ""url"": ""https://api.crossref.org/works/10.21437/eurospeech.1993-403""}]",shadle1993depth,shadle1993structured,shadle1993depth,3,https://www.isca-archive.org/eurospeech_1993/shadle93_eurospeech.html https://doi.org/10.21437/eurospeech.1993-403 https://api.crossref.org/works/10.21437/eurospeech.1993-403,results/related_work_survey_epgspeller_2026-02-17/results/shadle1993_epg_structured_light.json,instrumentation_visualization,n_a,n_a,not_a_decoder,geometry_aware_nonimage,explicit_layout_used,none,none_reported,layout_device_design,n_a,[],Geometry measurement supporting spatial interpretation/visualization of EPG patterns.
silentspeller_chi2022,"SilentSpeller: Towards mobile, hands-free, silent speech text entry using electropalatography","[""Naoki Kimura"", ""Tan Gemicioglu"", ""Jonathan Womack"", ""Richard Li"", ""Yuhui Zhao"", ""Abdelkareem Bedri"", ""Zixiong Su"", ""Alex Olwal"", ""Jun Rekimoto"", ""Thad Starner""]",2022,CHI 2022 (ACM CHI Conference on Human Factors in Computing Systems),10.1145/3491102.3502015,https://dl.acm.org/doi/10.1145/3491102.3502015,https://dl.acm.org/doi/pdf/10.1145/3491102.3502015,EPG (electropalatography; intra-oral palate contact sensing),Intra-oral dental retainer with palate-contact sensing (SmartPalate-like EPG form factor),Silent spelling / silent speech text entry,"characters (letters), aggregated to words",open-vocabulary silent spelling with held-out (unseen) words evaluation,EPG text-entry dataset described in the paper,The paper reports offline evaluations and includes an unseen-word generalization setting; see the official paper for exact split definitions.,Character/word-level accuracy/error rates and text-entry metrics (see paper).,CTC-based sequence decoding (details in the paper),Deep sequence model trained with CTC (details in the paper),Multi-channel EPG time series (no explicit 2D reconstruction in the baseline description),See paper (augmentation/robustness details are paper-specific),"[""EPG-based wearable silent spelling text-entry system for mobile, hands-free scenarios."", ""Unseen-word generalization via letter-level composition (silent spelling)."", ""Evaluation beyond isolated words (e.g., phrase entry and walking robustness).""]","[""Requires a custom intra-oral device and user-specific fit."", ""Performance depends on sensor fit and intra-oral conditions."", ""Cross-study comparisons require careful protocol alignment (lexicon size, unseen-word setting, etc.).""]",Directly relevant EPG silent spelling/text entry system; a key horizontal comparison point for positioning open-vocabulary silent spelling with palate-contact sensing.,SilentSpeller (CHI 2022) is a primary EPG-based silent spelling system demonstrating wearable text entry and unseen-word generalization via letter-by-letter composition; it anchors the EPG silent spelling related-work discussion.,"[{""doi"": ""10.1145/3491102.3502015"", ""retrieved_at"": ""2026-02-17"", ""source_type"": ""academic"", ""title"": ""ACM Digital Library: SilentSpeller: Towards mobile, hands-free, silent speech text entry using electropalatography"", ""url"": ""https://dl.acm.org/doi/10.1145/3491102.3502015"", ""venue"": ""CHI 2022"", ""year"": 2022}, {""doi"": ""10.1145/3491102.3502015"", ""pdf_url"": ""https://dl.acm.org/doi/pdf/10.1145/3491102.3502015"", ""retrieved_at"": ""2026-02-17"", ""source_type"": ""academic"", ""title"": ""DOI: 10.1145/3491102.3502015"", ""url"": ""https://doi.org/10.1145/3491102.3502015"", ""venue"": ""CHI 2022"", ""year"": 2022}, {""doi"": ""10.1145/3491102.3502015"", ""retrieved_at"": ""2026-02-17"", ""source_type"": ""web"", ""title"": ""DBLP: SilentSpeller: Towards mobile, hands-free, silent speech text entry using electropalatography"", ""url"": ""https://dblp.org/rec/conf/chi/KimuraGWLZBSORS22"", ""venue"": ""CHI 2022"", ""year"": 2022}]",kimura2022silentspeller,kimura2022silentspeller,kimura2022silentspeller,3,https://dl.acm.org/doi/10.1145/3491102.3502015 https://doi.org/10.1145/3491102.3502015 https://dblp.org/rec/conf/chi/KimuraGWLZBSORS22,results/related_work_survey_epgspeller_2026-02-17/results/silentspeller_chi2022.json,silent_spelling_text_entry,characters,open_vocab,ctc_like,vector_no_layout,implicit_or_none,other,none_reported,none,n_a,"[""The frozen survey JSON does not fully extract the exact subject split protocol; protocol_class left as n_a.""]",Primary EPG-based silent spelling/text entry system used for open-vocabulary framing.
ssi_book_springer2017,An Introduction to Silent Speech Interfaces,"[""João Freitas"", ""António Teixeira"", ""Miguel Sales Dias"", ""Samuel Silva""]",2016,SpringerBriefs in Speech Technology (Springer),10.1007/978-3-319-40174-4,https://link.springer.com/book/10.1007/978-3-319-40174-4,null,Survey / book,N/A,Silent Speech Interfaces (SSI) overview and taxonomy,N/A,N/A,N/A,N/A,N/A,N/A,N/A,N/A,N/A,"[""Provides a taxonomy and overview of SSI modalities and system components."", ""Summarizes challenges and design trade-offs across SSI approaches."", ""Useful positioning reference for articulatory sensing (including EPG) in SSI.""]","[""Publication-time snapshot (2016/2017 era); may not cover later deep-learning SSI advances."", ""Depth varies across modalities depending on literature maturity at publication time.""]",Used for Related Work positioning and SSI taxonomy; supports clearer related-work structure and motivation for choosing EPG as an articulatory sensing modality.,"A compact SSI overview that can be cited to define SSI modalities and motivate where EPG-based silent spelling sits within SSI, clarifying scope and terminology.","[{""doi"": ""10.1007/978-3-319-40174-4"", ""retrieved_at"": ""2026-02-17"", ""source_type"": ""academic"", ""title"": ""SpringerLink: An Introduction to Silent Speech Interfaces"", ""url"": ""https://link.springer.com/book/10.1007/978-3-319-40174-4"", ""venue"": ""SpringerBriefs in Speech Technology"", ""year"": 2016}, {""doi"": ""10.1007/978-3-319-40174-4"", ""retrieved_at"": ""2026-02-17"", ""source_type"": ""academic"", ""title"": ""DOI: 10.1007/978-3-319-40174-4"", ""url"": ""https://doi.org/10.1007/978-3-319-40174-4"", ""venue"": ""SpringerBriefs in Speech Technology"", ""year"": 2016}, {""doi"": ""10.1007/978-3-319-40174-4"", ""retrieved_at"": ""2026-02-17"", ""source_type"": ""web"", ""title"": ""Crossref API: 10.1007/978-3-319-40174-4"", ""url"": ""https://api.crossref.org/works/10.1007/978-3-319-40174-4""}]",freitas2017an,freitas2016ssi,freitas2017an,3,https://link.springer.com/book/10.1007/978-3-319-40174-4 https://doi.org/10.1007/978-3-319-40174-4 https://api.crossref.org/works/10.1007/978-3-319-40174-4,results/related_work_survey_epgspeller_2026-02-17/results/ssi_book_springer2017.json,survey_method,n_a,n_a,not_a_decoder,not_applicable,not_applicable,varies,qualitative_only,none,mixed_or_review,[],SSI book (taxonomy/definitions) used for broad positioning.
toutios2006_acoustic_to_epg_mapping,On the Acoustic-to-Electropalatographic Mapping,"[""Asterios Toutios"", ""Konstantinos Margaritis""]",2006,Lecture Notes in Computer Science (book chapter),10.1007/11613107_16,https://link.springer.com/chapter/10.1007/11613107_16,null,Speech acoustics + Electropalatography (EPG),Audio recording + EPG palate-contact sensing (as reported),Acoustic-to-EPG mapping (predicting electropalatograms from acoustic signals),EPG contact patterns (electropalatograms),N/A (mapping task; not a lexicon-decoding benchmark),Paired acoustic+EPG data as reported in the chapter,Mapping evaluation protocol as reported (see chapter for details),Mapping/reconstruction performance metrics as reported in the chapter,Supervised acoustic-to-EPG mapping model,Machine learning approach for acoustic-to-EPG mapping (chapter-specific),EPG contact patterns treated as structured high-dimensional targets; representation choices are central to mapping,N/A / not central,"[""Discusses the acoustic-to-electropalatographic mapping problem and proposes/analyses approaches for predicting EPG patterns from acoustics."", ""Provides historical context for modeling EPG as a structured spatial signal, supporting modern spatial front-end motivations."", ""Relevant to discussions of representation/compression baselines for EPG contact patterns.""]","[""Not an EPG-to-text decoding paper; relevance is via representation/modeling context."", ""Chapter-level details (dataset, evaluation setup) must be consulted for precise reproduction.""]","Provides relevant background on representing and modeling EPG contact patterns as structured spatial objects, supporting Related Work sections on spatial modeling and representation choices.",A 2006 LNCS chapter on acoustic-to-EPG mapping; useful for articulatory modeling context and for motivating explicit spatial representations of EPG contact patterns.,"[{""doi"": ""10.1007/11613107_16"", ""retrieved_at"": ""2026-02-17"", ""source_type"": ""academic"", ""title"": ""SpringerLink: On the Acoustic-to-Electropalatographic Mapping"", ""url"": ""https://link.springer.com/chapter/10.1007/11613107_16"", ""venue"": ""Lecture Notes in Computer Science"", ""year"": 2006}, {""doi"": ""10.1007/11613107_16"", ""retrieved_at"": ""2026-02-17"", ""source_type"": ""academic"", ""title"": ""DOI: 10.1007/11613107_16"", ""url"": ""https://doi.org/10.1007/11613107_16"", ""venue"": ""Lecture Notes in Computer Science"", ""year"": 2006}, {""doi"": ""10.1007/11613107_16"", ""retrieved_at"": ""2026-02-17"", ""source_type"": ""web"", ""title"": ""Crossref API: 10.1007/11613107_16"", ""url"": ""https://api.crossref.org/works/10.1007/11613107_16""}]",toutios2006on,toutios2006acoustic2epg,toutios2006on,3,https://link.springer.com/chapter/10.1007/11613107_16 https://doi.org/10.1007/11613107_16 https://api.crossref.org/works/10.1007/11613107_16,results/related_work_survey_epgspeller_2026-02-17/results/toutios2006_acoustic_to_epg_mapping.json,mapping_prediction,epg_patterns,n_a,not_a_decoder,geometry_aware_nonimage,explicit_layout_used,none,none_reported,none,n_a,"[""The frozen survey JSON indicates structured EPG targets; explicit layout usage is assumed but not verified in detail.""]",Acoustic→EPG mapping context; supports structured EPG modeling motivation.
toutios2006_learning_epg_from_acoustics,Learning Electropalatograms from Acoustics,"[""A. Toutios"", ""K. Margaritis""]",2006,"ICASSP 2006 (IEEE International Conference on Acoustics, Speech and Signal Processing)",10.1109/ICASSP.2006.1660032,https://doi.org/10.1109/ICASSP.2006.1660032,null,Speech acoustics + Electropalatography (EPG),Audio recording + EPG palate-contact sensing (as reported),Acoustic-to-EPG mapping (predicting electropalatograms from acoustics),EPG contact patterns (electropalatograms),N/A (mapping task; not a lexicon-decoding benchmark),Acoustic + EPG paired data as reported in the paper,Mapping evaluation on held-out data as reported (see paper for details),Mapping/reconstruction performance metrics as reported in the paper,Supervised mapping model from acoustics to EPG patterns,Machine learning model for acoustic-to-EPG prediction (paper-specific),EPG represented as multi-electrode contact patterns (palatograms) predicted from acoustic features,N/A / not central,"[""Proposes learning to predict EPG contact patterns from acoustic observations (acoustic-to-EPG mapping)."", ""Illustrates that EPG contact patterns can be modeled/predicted as structured high-dimensional outputs, motivating representation discussions."", ""Useful related work for articulatory modeling context and for motivating spatially structured EPG representations.""]","[""Task is acoustic-to-EPG prediction rather than EPG-to-text decoding; relevance is indirect (representation/modeling context)."", ""Specific dataset and evaluation details are paper-specific and must be consulted for precise reproduction.""]",Provides articulatory modeling context for EPG as a learnable structured signal; supports the Related Work discussion on spatial representations and why richer front-ends (2D/geometry-aware) may be appropriate.,An ICASSP 2006 paper on acoustic-to-EPG mapping; useful to cite for articulatory modeling context and for motivating structured representations of EPG contact patterns.,"[{""doi"": ""10.1109/ICASSP.2006.1660032"", ""retrieved_at"": ""2026-02-17"", ""source_type"": ""academic"", ""title"": ""DOI: 10.1109/ICASSP.2006.1660032"", ""url"": ""https://doi.org/10.1109/ICASSP.2006.1660032"", ""venue"": ""ICASSP 2006"", ""year"": 2006}, {""doi"": ""10.1109/ICASSP.2006.1660032"", ""retrieved_at"": ""2026-02-17"", ""source_type"": ""web"", ""title"": ""Crossref API: 10.1109/ICASSP.2006.1660032"", ""url"": ""https://api.crossref.org/works/10.1109/ICASSP.2006.1660032""}, {""doi"": ""10.1109/ICASSP.2006.1660032"", ""retrieved_at"": ""2026-02-17"", ""source_type"": ""web"", ""title"": ""OpenAlex: Learning Electropalatograms from Acoustics"", ""url"": ""https://api.openalex.org/works/https://doi.org/10.1109/ICASSP.2006.1660032"", ""venue"": ""ICASSP"", ""year"": 2006}]",toutios2006learning,toutios2006learnedepg,toutios2006learning,3,https://doi.org/10.1109/ICASSP.2006.1660032 https://api.crossref.org/works/10.1109/ICASSP.2006.1660032 https://api.openalex.org/works/https://doi.org/10.1109/ICASSP.2006.1660032,results/related_work_survey_epgspeller_2026-02-17/results/toutios2006_learning_epg_from_acoustics.json,mapping_prediction,epg_patterns,n_a,not_a_decoder,geometry_aware_nonimage,explicit_layout_used,none,none_reported,none,n_a,"[""Explicit layout usage is not fully extracted; classified as explicit_layout_used based on palatogram-style representation.""]",Acoustic→EPG mapping context; EPG as structured output.
verhoeven2019_visualisation_analysis_epg,Visualisation and Analysis of Speech Production with Electropalatography,"[""Jo Verhoeven"", ""Naomi Rachel Miller"", ""Luc Daems"", ""Constantino Carlos Reyes-Aldasoro""]",2019,Journal of Imaging,10.3390/jimaging5030040,https://doi.org/10.3390/jimaging5030040,null,Electropalatography (EPG),EPG pseudopalate / electrode contact array (as used in EPG studies),Visualization and analysis methods for EPG-based speech production research,visualizations / analysis outputs (paper-specific),N/A (analysis/visualization focus),EPG data used for visualization/analysis examples (see paper for specifics),Methodological discussion and illustrative analyses (see paper),Varies by analysis; paper focuses on visualization and analysis techniques,N/A,N/A (methodological/analysis paper),EPG inherently provides a spatial contact pattern that can be visualized on palate layouts,N/A,"[""Discusses methods for visualizing and analyzing EPG contact patterns in speech production studies."", ""Provides context for representing EPG as spatial patterns (palatograms) and motivates explicit spatial modeling assumptions."", ""Useful background for connecting electrode-layout geometry to analysis and to model front-end design.""]","[""Not an end-to-end decoding benchmark; focuses on visualization/analysis rather than CER/WER-style evaluation."", ""Specific visualization conventions depend on the EPG hardware/layout used.""]","Supports Related Work sections that argue EPG should be treated as spatial data and that geometry/layout assumptions matter, complementing experiments on 2D reconstruction and electrode selection.",A modern EPG visualization/analysis reference (Journal of Imaging 2019) that can be cited to motivate spatially structured representations (palatograms) and to justify investigating geometry-aware front-ends.,"[{""doi"": ""10.3390/jimaging5030040"", ""retrieved_at"": ""2026-02-17"", ""source_type"": ""academic"", ""title"": ""DOI: 10.3390/jimaging5030040"", ""url"": ""https://doi.org/10.3390/jimaging5030040"", ""venue"": ""Journal of Imaging"", ""year"": 2019}, {""doi"": ""10.3390/jimaging5030040"", ""retrieved_at"": ""2026-02-17"", ""source_type"": ""web"", ""title"": ""Crossref API: 10.3390/jimaging5030040"", ""url"": ""https://api.crossref.org/works/10.3390/jimaging5030040""}, {""doi"": ""10.3390/jimaging5030040"", ""retrieved_at"": ""2026-02-17"", ""source_type"": ""web"", ""title"": ""OpenAlex: Visualisation and Analysis of Speech Production with Electropalatography"", ""url"": ""https://api.openalex.org/works/https://doi.org/10.3390/jimaging5030040"", ""venue"": ""Journal of Imaging"", ""year"": 2019}]",verhoeven2019visualisation,verhoeven2019epgimaging,verhoeven2019visualisation,3,https://doi.org/10.3390/jimaging5030040 https://api.crossref.org/works/10.3390/jimaging5030040 https://api.openalex.org/works/https://doi.org/10.3390/jimaging5030040,results/related_work_survey_epgspeller_2026-02-17/results/verhoeven2019_visualisation_analysis_epg.json,instrumentation_visualization,n_a,n_a,not_a_decoder,geometry_aware_nonimage,explicit_layout_used,none,none_reported,none,n_a,[],EPG visualization/analysis; reinforces spatial/palatogram framing.
woo2021_kepg_design,Design and Evaluation of Korean Electropalatography (K-EPG),"[""Seong-Tak Woo"", ""Ji-Wan Ha"", ""Sungdae Na"", ""Hyunjoo Choi"", ""Sung-Bom Pyun""]",2021,Sensors,10.3390/s21113802,https://doi.org/10.3390/s21113802,null,Electropalatography (EPG) device / instrumentation,K-EPG (Korean Electropalatography) system as described in the paper,Design and evaluation of an EPG system (hardware + measurement validation),EPG contact measurements (electrode contact patterns),N/A (device/instrumentation focus),Device evaluation measurements as reported (see paper for specifics),Device design and evaluation protocol as reported (see paper),Device/system evaluation metrics as reported (paper-specific),N/A,N/A,EPG electrode layout and contact-pattern representation (device-defined),N/A,"[""Describes the design and evaluation of a Korean EPG system (K-EPG), contributing to the diversity of EPG device designs and layouts."", ""Provides relevant context for sensor design constraints (electrode layouts, manufacturing, evaluation) that influence modeling assumptions."", ""Useful for discussing that EPG layouts are device-specific and that electrode selection/design questions are meaningful.""]","[""Not an end-to-end decoding benchmark; focuses on device design and evaluation rather than CER/WER-style metrics."", ""Conclusions may be tied to the specific K-EPG hardware and evaluation setup.""]","Supports Related Work on EPG device diversity and electrode-layout considerations, providing context for electrode selection and spatial front-end assumptions.","A modern EPG device paper (Sensors 2021) that can be cited to emphasize that electrode layouts/devices vary and that sensor design (layout, coverage) is an explicit dimension in EPG-based decoding systems.","[{""doi"": ""10.3390/s21113802"", ""retrieved_at"": ""2026-02-17"", ""source_type"": ""academic"", ""title"": ""DOI: 10.3390/s21113802"", ""url"": ""https://doi.org/10.3390/s21113802"", ""venue"": ""Sensors"", ""year"": 2021}, {""doi"": ""10.3390/s21113802"", ""retrieved_at"": ""2026-02-17"", ""source_type"": ""web"", ""title"": ""Crossref API: 10.3390/s21113802"", ""url"": ""https://api.crossref.org/works/10.3390/s21113802""}, {""doi"": ""10.3390/s21113802"", ""retrieved_at"": ""2026-02-17"", ""source_type"": ""web"", ""title"": ""OpenAlex: Design and Evaluation of Korean Electropalatography (K-EPG)"", ""url"": ""https://api.openalex.org/works/https://doi.org/10.3390/s21113802"", ""venue"": ""Sensors"", ""year"": 2021}]",woo2021design,woo2021kepg,woo2021design,3,https://doi.org/10.3390/s21113802 https://api.crossref.org/works/10.3390/s21113802 https://api.openalex.org/works/https://doi.org/10.3390/s21113802,results/related_work_survey_epgspeller_2026-02-17/results/woo2021_kepg_design.json,instrumentation_visualization,epg_patterns,n_a,not_a_decoder,geometry_aware_nonimage,explicit_layout_used,none,none_reported,layout_device_design,n_a,[],EPG device/layout design; supports sensor-design discussion.
